-- phpMyAdmin SQL Dump
-- version 4.7.7
-- https://www.phpmyadmin.net/
--
-- Host: 127.0.0.1
-- Generation Time: 17-Abr-2019 às 15:13
-- Versão do servidor: 10.1.30-MariaDB
-- PHP Version: 7.2.2

SET SQL_MODE = "NO_AUTO_VALUE_ON_ZERO";
SET AUTOCOMMIT = 0;
START TRANSACTION;
SET time_zone = "+00:00";


/*!40101 SET @OLD_CHARACTER_SET_CLIENT=@@CHARACTER_SET_CLIENT */;
/*!40101 SET @OLD_CHARACTER_SET_RESULTS=@@CHARACTER_SET_RESULTS */;
/*!40101 SET @OLD_COLLATION_CONNECTION=@@COLLATION_CONNECTION */;
/*!40101 SET NAMES utf8mb4 */;

--
-- Database: `anade`
--

-- --------------------------------------------------------

--
-- Estrutura da tabela `tb_cidade`
--

CREATE TABLE `tb_cidade` (
  `ID` smallint(5) NOT NULL,
  `NOME` varchar(70) NOT NULL
) ENGINE=InnoDB DEFAULT CHARSET=latin1;

--
-- Extraindo dados da tabela `tb_cidade`
--

INSERT INTO `tb_cidade` (`ID`, `NOME`) VALUES
(1, 'GUARATINGUETA');

-- --------------------------------------------------------

--
-- Estrutura da tabela `tb_departamento`
--

CREATE TABLE `tb_departamento` (
  `ID` smallint(5) NOT NULL,
  `NOME` varchar(50) NOT NULL
) ENGINE=InnoDB DEFAULT CHARSET=latin1;

--
-- Extraindo dados da tabela `tb_departamento`
--

INSERT INTO `tb_departamento` (`ID`, `NOME`) VALUES
(1, '01 DP'),
(2, '02 DP'),
(3, '03 DP'),
(4, 'DDM'),
(5, 'DIG'),
(6, 'DISE'),
(7, 'OUTRAS ESPECIALIDADES');

-- --------------------------------------------------------

--
-- Estrutura da tabela `tb_departamento_cidade`
--

CREATE TABLE `tb_departamento_cidade` (
  `ID` int(10) NOT NULL,
  `ID_CIDADE` smallint(5) NOT NULL,
  `ID_DEPARTAMENTO` smallint(5) NOT NULL
) ENGINE=InnoDB DEFAULT CHARSET=latin1;

--
-- Extraindo dados da tabela `tb_departamento_cidade`
--

INSERT INTO `tb_departamento_cidade` (`ID`, `ID_CIDADE`, `ID_DEPARTAMENTO`) VALUES
(1, 1, 1),
(2, 1, 2),
(3, 1, 3),
(4, 1, 4),
(5, 1, 5),
(6, 1, 6),
(7, 1, 7);

-- --------------------------------------------------------

--
-- Estrutura da tabela `tb_natureza`
--

CREATE TABLE `tb_natureza` (
  `ID` tinyint(3) NOT NULL,
  `NOME` varchar(70) NOT NULL,
  `DESCRICAO` varchar(150) DEFAULT NULL
) ENGINE=InnoDB DEFAULT CHARSET=latin1;

--
-- Extraindo dados da tabela `tb_natureza`
--

INSERT INTO `tb_natureza` (`ID`, `NOME`, `DESCRICAO`) VALUES
(1, 'PORTE DE ENTORPECENTES', NULL),
(2, 'TRAFICO DE ENTORPECENTES', NULL),
(3, 'APREENSÃO DE ENTORPECENTES', NULL),
(4, 'PORTE ILEGAL DE ARMA', NULL),
(5, 'ARMA DE FOGO APREENDIDA', NULL),
(6, 'FLAGRANTE LAVRADOS', NULL),
(7, 'INFRATORES APREENDIDOS EM FLAGRANTE', NULL),
(8, 'INFRATORES APREENDIDOS POR MANDATO', NULL),
(9, 'PESSOAS PRESAS EM FLAGRANTE', NULL),
(10, 'PESSOAS PRESAS POR MANDATO', NULL),
(11, 'VEICULOS RECUPERADOS', NULL),
(12, 'INQUERITOS INSTAURADOS', NULL);

-- --------------------------------------------------------

--
-- Estrutura da tabela `tb_ocorrencia`
--

CREATE TABLE `tb_ocorrencia` (
  `ID_DEPARTAMENTO_CIDADE` int(10) NOT NULL,
  `ID_NATUREZA` tinyint(3) NOT NULL,
  `DT_VIGENCIA` varchar(10) NOT NULL,
  `QUANTIDADE` smallint(5) NOT NULL DEFAULT '0'
) ENGINE=InnoDB DEFAULT CHARSET=latin1;

--
-- Extraindo dados da tabela `tb_ocorrencia`
--

INSERT INTO `tb_ocorrencia` (`ID_DEPARTAMENTO_CIDADE`, `ID_NATUREZA`, `DT_VIGENCIA`, `QUANTIDADE`) VALUES
(1, 1, '01/01/2017', 4),
(1, 1, '01/02/2017', 2),
(1, 1, '01/03/2017', 0),
(1, 1, '01/04/2017', 1),
(1, 1, '01/05/2017', 2),
(1, 1, '01/06/2017', 0),
(1, 1, '01/07/2017', 1),
(1, 1, '01/08/2017', 2),
(1, 1, '01/09/2017', 0),
(1, 1, '01/10/2017', 0),
(1, 1, '01/11/2017', 1),
(1, 1, '01/12/2017', 0),
(1, 2, '01/01/2017', 1),
(1, 2, '01/02/2017', 1),
(1, 2, '01/03/2017', 6),
(1, 2, '01/04/2017', 3),
(1, 2, '01/05/2017', 5),
(1, 2, '01/06/2017', 7),
(1, 2, '01/07/2017', 4),
(1, 2, '01/08/2017', 1),
(1, 2, '01/09/2017', 2),
(1, 2, '01/10/2017', 2),
(1, 2, '01/11/2017', 2),
(1, 2, '01/12/2017', 0),
(1, 3, '01/01/2017', 0),
(1, 3, '01/02/2017', 0),
(1, 3, '01/03/2017', 0),
(1, 3, '01/04/2017', 0),
(1, 3, '01/05/2017', 0),
(1, 3, '01/06/2017', 0),
(1, 3, '01/07/2017', 0),
(1, 3, '01/08/2017', 0),
(1, 3, '01/09/2017', 0),
(1, 3, '01/10/2017', 0),
(1, 3, '01/11/2017', 0),
(1, 3, '01/12/2017', 0),
(1, 4, '01/01/2017', 0),
(1, 4, '01/02/2017', 0),
(1, 4, '01/03/2017', 0),
(1, 4, '01/04/2017', 1),
(1, 4, '01/05/2017', 2),
(1, 4, '01/06/2017', 0),
(1, 4, '01/07/2017', 1),
(1, 4, '01/08/2017', 1),
(1, 4, '01/09/2017', 1),
(1, 4, '01/10/2017', 1),
(1, 4, '01/11/2017', 0),
(1, 4, '01/12/2017', 0),
(1, 5, '01/01/2017', 0),
(1, 5, '01/02/2017', 0),
(1, 5, '01/03/2017', 0),
(1, 5, '01/04/2017', 1),
(1, 5, '01/05/2017', 1),
(1, 5, '01/06/2017', 0),
(1, 5, '01/07/2017', 0),
(1, 5, '01/08/2017', 1),
(1, 5, '01/09/2017', 4),
(1, 5, '01/10/2017', 3),
(1, 5, '01/11/2017', 0),
(1, 5, '01/12/2017', 0),
(1, 6, '01/01/2017', 6),
(1, 6, '01/02/2017', 5),
(1, 6, '01/03/2017', 2),
(1, 6, '01/04/2017', 5),
(1, 6, '01/05/2017', 6),
(1, 6, '01/06/2017', 4),
(1, 6, '01/07/2017', 9),
(1, 6, '01/08/2017', 12),
(1, 6, '01/09/2017', 6),
(1, 6, '01/10/2017', 8),
(1, 6, '01/11/2017', 7),
(1, 6, '01/12/2017', 2),
(1, 7, '01/01/2017', 0),
(1, 7, '01/02/2017', 0),
(1, 7, '01/03/2017', 0),
(1, 7, '01/04/2017', 0),
(1, 7, '01/05/2017', 0),
(1, 7, '01/06/2017', 0),
(1, 7, '01/07/2017', 3),
(1, 7, '01/08/2017', 0),
(1, 7, '01/09/2017', 1),
(1, 7, '01/10/2017', 0),
(1, 7, '01/11/2017', 0),
(1, 7, '01/12/2017', 0),
(1, 8, '01/01/2017', 0),
(1, 8, '01/02/2017', 0),
(1, 8, '01/03/2017', 0),
(1, 8, '01/04/2017', 0),
(1, 8, '01/05/2017', 0),
(1, 8, '01/06/2017', 0),
(1, 8, '01/07/2017', 0),
(1, 8, '01/08/2017', 0),
(1, 8, '01/09/2017', 0),
(1, 8, '01/10/2017', 0),
(1, 8, '01/11/2017', 0),
(1, 8, '01/12/2017', 0),
(1, 9, '01/01/2017', 6),
(1, 9, '01/02/2017', 5),
(1, 9, '01/03/2017', 2),
(1, 9, '01/04/2017', 6),
(1, 9, '01/05/2017', 7),
(1, 9, '01/06/2017', 5),
(1, 9, '01/07/2017', 10),
(1, 9, '01/08/2017', 13),
(1, 9, '01/09/2017', 9),
(1, 9, '01/10/2017', 12),
(1, 9, '01/11/2017', 9),
(1, 9, '01/12/2017', 2),
(1, 10, '01/01/2017', 0),
(1, 10, '01/02/2017', 0),
(1, 10, '01/03/2017', 0),
(1, 10, '01/04/2017', 0),
(1, 10, '01/05/2017', 0),
(1, 10, '01/06/2017', 0),
(1, 10, '01/07/2017', 0),
(1, 10, '01/08/2017', 0),
(1, 10, '01/09/2017', 0),
(1, 10, '01/10/2017', 0),
(1, 10, '01/11/2017', 0),
(1, 10, '01/12/2017', 0),
(1, 11, '01/01/2017', 0),
(1, 11, '01/02/2017', 0),
(1, 11, '01/03/2017', 0),
(1, 11, '01/04/2017', 0),
(1, 11, '01/05/2017', 0),
(1, 11, '01/06/2017', 0),
(1, 11, '01/07/2017', 2),
(1, 11, '01/08/2017', 0),
(1, 11, '01/09/2017', 0),
(1, 11, '01/10/2017', 0),
(1, 11, '01/11/2017', 0),
(1, 11, '01/12/2017', 0),
(1, 12, '01/01/2017', 15),
(1, 12, '01/02/2017', 19),
(1, 12, '01/03/2017', 18),
(1, 12, '01/04/2017', 45),
(1, 12, '01/05/2017', 26),
(1, 12, '01/06/2017', 14),
(1, 12, '01/07/2017', 25),
(1, 12, '01/08/2017', 32),
(1, 12, '01/09/2017', 20),
(1, 12, '01/10/2017', 23),
(1, 12, '01/11/2017', 20),
(1, 12, '01/12/2017', 9),
(1, 1, '01/01/2018', 1),
(1, 1, '01/02/2018', 0),
(1, 1, '01/03/2018', 0),
(1, 1, '01/04/2018', 0),
(1, 1, '01/05/2018', 3),
(1, 1, '01/06/2018', 0),
(1, 1, '01/07/2018', 0),
(1, 1, '01/08/2018', 0),
(1, 1, '01/09/2018', 2),
(1, 1, '01/10/2018', 5),
(1, 1, '01/11/2018', 2),
(1, 1, '01/12/2018', 0),
(1, 2, '01/01/2018', 0),
(1, 2, '01/02/2018', 2),
(1, 2, '01/03/2018', 4),
(1, 2, '01/04/2018', 2),
(1, 2, '01/05/2018', 1),
(1, 1, '01/06/2018', 3),
(1, 2, '01/07/2018', 0),
(1, 2, '01/08/2018', 0),
(1, 2, '01/09/2018', 0),
(1, 2, '01/10/2018', 1),
(1, 2, '01/11/2018', 0),
(1, 2, '01/12/2018', 0),
(1, 3, '01/01/2018', 0),
(1, 3, '01/02/2018', 0),
(1, 3, '01/03/2018', 0),
(1, 3, '01/04/2018', 0),
(1, 3, '01/05/2018', 0),
(1, 3, '01/06/2018', 0),
(1, 3, '01/07/2018', 0),
(1, 3, '01/08/2018', 0),
(1, 3, '01/09/2018', 0),
(1, 3, '01/10/2018', 0),
(1, 3, '01/11/2018', 0),
(1, 3, '01/12/2018', 0),
(1, 4, '01/01/2018', 0),
(1, 4, '01/02/2018', 2),
(1, 4, '01/03/2018', 1),
(1, 4, '01/04/2018', 0),
(1, 4, '01/05/2018', 0),
(1, 4, '01/06/2018', 1),
(1, 4, '01/07/2018', 0),
(1, 4, '01/08/2018', 0),
(1, 4, '01/09/2018', 0),
(1, 4, '01/10/2018', 3),
(1, 4, '01/11/2018', 0),
(1, 4, '01/12/2018', 0),
(1, 5, '01/01/2018', 2),
(1, 5, '01/02/2018', 3),
(1, 5, '01/03/2018', 1),
(1, 5, '01/04/2018', 0),
(1, 5, '01/05/2018', 0),
(1, 5, '01/06/2018', 1),
(1, 5, '01/07/2018', 0),
(1, 5, '01/08/2018', 0),
(1, 5, '01/09/2018', 0),
(1, 5, '01/10/2018', 3),
(1, 5, '01/11/2018', 0),
(1, 5, '01/12/2018', 0),
(1, 6, '01/01/2018', 6),
(1, 6, '01/02/2018', 6),
(1, 6, '01/03/2018', 4),
(1, 6, '01/04/2018', 5),
(1, 6, '01/05/2018', 7),
(1, 6, '01/06/2018', 2),
(1, 6, '01/07/2018', 6),
(1, 6, '01/08/2018', 7),
(1, 6, '01/09/2018', 2),
(1, 6, '01/10/2018', 4),
(1, 6, '01/11/2018', 4),
(1, 6, '01/12/2018', 3),
(1, 7, '01/01/2018', 0),
(1, 7, '01/02/2018', 0),
(1, 7, '01/03/2018', 1),
(1, 7, '01/04/2018', 0),
(1, 7, '01/05/2018', 0),
(1, 7, '01/06/2018', 0),
(1, 7, '01/07/2018', 0),
(1, 7, '01/08/2018', 0),
(1, 7, '01/09/2018', 0),
(1, 7, '01/10/2018', 1),
(1, 7, '01/11/2018', 1),
(1, 7, '01/12/2018', 0),
(1, 8, '01/01/2018', 0),
(1, 8, '01/02/2018', 0),
(1, 8, '01/03/2018', 0),
(1, 8, '01/04/2018', 0),
(1, 8, '01/05/2018', 0),
(1, 8, '01/06/2018', 0),
(1, 7, '01/07/2018', 0),
(1, 8, '01/08/2018', 0),
(1, 8, '01/09/2018', 0),
(1, 8, '01/10/2018', 0),
(1, 8, '01/11/2018', 0),
(1, 8, '01/12/2018', 0),
(1, 9, '01/01/2018', 6),
(1, 9, '01/02/2018', 8),
(1, 9, '01/03/2018', 4),
(1, 9, '01/04/2018', 5),
(1, 9, '01/05/2018', 9),
(1, 9, '01/06/2018', 3),
(1, 9, '01/07/2018', 9),
(1, 9, '01/08/2018', 7),
(1, 9, '01/09/2018', 2),
(1, 9, '01/10/2018', 6),
(1, 9, '01/11/2018', 4),
(1, 9, '01/12/2018', 3),
(1, 10, '01/01/2018', 3),
(1, 10, '01/02/2018', 0),
(1, 10, '01/03/2018', 0),
(1, 10, '01/04/2018', 1),
(1, 10, '01/05/2018', 0),
(1, 10, '01/06/2018', 0),
(1, 10, '01/07/2018', 0),
(1, 10, '01/08/2018', 0),
(1, 10, '01/09/2018', 0),
(1, 10, '01/10/2018', 0),
(1, 10, '01/11/2018', 0),
(1, 10, '01/12/2018', 0),
(1, 11, '01/01/2018', 1),
(1, 11, '01/02/2018', 0),
(1, 11, '01/03/2018', 4),
(1, 11, '01/04/2018', 1),
(1, 11, '01/05/2018', 2),
(1, 11, '01/06/2018', 0),
(1, 11, '01/07/2018', 2),
(1, 11, '01/08/2018', 0),
(1, 11, '01/09/2018', 5),
(1, 11, '01/10/2018', 1),
(1, 11, '01/11/2018', 0),
(1, 11, '01/12/2018', 2),
(1, 12, '01/01/2018', 17),
(1, 12, '01/02/2018', 19),
(1, 12, '01/03/2018', 19),
(1, 12, '01/04/2018', 21),
(1, 12, '01/05/2018', 24),
(1, 12, '01/06/2018', 9),
(1, 12, '01/07/2018', 9),
(1, 12, '01/08/2018', 29),
(1, 12, '01/09/2018', 10),
(1, 12, '01/10/2018', 17),
(1, 12, '01/11/2018', 13),
(1, 12, '01/12/2018', 9),
(1, 1, '01/01/2019', 1),
(1, 1, '01/02/2019', 3),
(1, 2, '01/01/2019', 3),
(1, 2, '01/02/2019', 1),
(1, 3, '01/01/2019', 0),
(1, 3, '01/02/2019', 0),
(1, 4, '01/01/2019', 1),
(1, 4, '01/02/2019', 3),
(1, 5, '01/01/2019', 1),
(1, 5, '01/02/2019', 8),
(1, 6, '01/01/2019', 8),
(1, 6, '01/02/2019', 6),
(1, 7, '01/01/2019', 0),
(1, 7, '01/02/2019', 0),
(1, 8, '01/01/2019', 0),
(1, 8, '01/02/2019', 0),
(1, 9, '01/01/2019', 9),
(1, 9, '01/02/2019', 6),
(1, 10, '01/01/2019', 0),
(1, 10, '01/02/2019', 0),
(1, 11, '01/01/2019', 1),
(1, 11, '01/02/2019', 2),
(1, 12, '01/01/2018', 20),
(1, 12, '01/02/2018', 13);

--
-- Indexes for dumped tables
--

--
-- Indexes for table `tb_cidade`
--
ALTER TABLE `tb_cidade`
  ADD PRIMARY KEY (`ID`);

--
-- Indexes for table `tb_departamento`
--
ALTER TABLE `tb_departamento`
  ADD PRIMARY KEY (`ID`);

--
-- Indexes for table `tb_departamento_cidade`
--
ALTER TABLE `tb_departamento_cidade`
  ADD PRIMARY KEY (`ID`),
  ADD KEY `FK_ID_DEPARTAMENTO` (`ID_DEPARTAMENTO`),
  ADD KEY `FK_ID_CIDADE` (`ID_CIDADE`);

--
-- Indexes for table `tb_natureza`
--
ALTER TABLE `tb_natureza`
  ADD PRIMARY KEY (`ID`);

--
-- Indexes for table `tb_ocorrencia`
--
ALTER TABLE `tb_ocorrencia`
  ADD KEY `FK_ID_DEPARTAMENTO_CIDADE` (`ID_DEPARTAMENTO_CIDADE`),
  ADD KEY `FK_ID_NATUREZA` (`ID_NATUREZA`);

--
-- AUTO_INCREMENT for dumped tables
--

--
-- AUTO_INCREMENT for table `tb_cidade`
--
ALTER TABLE `tb_cidade`
  MODIFY `ID` smallint(5) NOT NULL AUTO_INCREMENT, AUTO_INCREMENT=2;

--
-- AUTO_INCREMENT for table `tb_departamento`
--
ALTER TABLE `tb_departamento`
  MODIFY `ID` smallint(5) NOT NULL AUTO_INCREMENT, AUTO_INCREMENT=8;

--
-- AUTO_INCREMENT for table `tb_departamento_cidade`
--
ALTER TABLE `tb_departamento_cidade`
  MODIFY `ID` int(10) NOT NULL AUTO_INCREMENT, AUTO_INCREMENT=8;

--
-- AUTO_INCREMENT for table `tb_natureza`
--
ALTER TABLE `tb_natureza`
  MODIFY `ID` tinyint(3) NOT NULL AUTO_INCREMENT, AUTO_INCREMENT=13;

--
-- Constraints for dumped tables
--

--
-- Limitadores para a tabela `tb_departamento_cidade`
--
ALTER TABLE `tb_departamento_cidade`
  ADD CONSTRAINT `FK_ID_CIDADE` FOREIGN KEY (`ID_CIDADE`) REFERENCES `tb_cidade` (`ID`),
  ADD CONSTRAINT `FK_ID_DEPARTAMENTO` FOREIGN KEY (`ID_DEPARTAMENTO`) REFERENCES `tb_departamento` (`ID`);

--
-- Limitadores para a tabela `tb_ocorrencia`
--
ALTER TABLE `tb_ocorrencia`
  ADD CONSTRAINT `FK_ID_DEPARTAMENTO_CIDADE` FOREIGN KEY (`ID_DEPARTAMENTO_CIDADE`) REFERENCES `tb_departamento_cidade` (`ID`),
  ADD CONSTRAINT `FK_ID_NATUREZA` FOREIGN KEY (`ID_NATUREZA`) REFERENCES `tb_natureza` (`ID`);
COMMIT;

/*!40101 SET CHARACTER_SET_CLIENT=@OLD_CHARACTER_SET_CLIENT */;
/*!40101 SET CHARACTER_SET_RESULTS=@OLD_CHARACTER_SET_RESULTS */;
/*!40101 SET COLLATION_CONNECTION=@OLD_COLLATION_CONNECTION */;
